{"cameraMode":{"drawMode":0,"name":"Shaded","section":"Shading Mode"},"sceneLighting":true,"audioPlay":false,"sceneViewState":{"m_AlwaysRefresh":false,"showFog":true,"showSkybox":true,"showFlares":true,"showImageEffects":true,"showParticleSystems":true,"showVisualEffectGraphs":true,"m_FxEnabled":true},"in2DMode":false,"pivot":{"x":42.38307571411133,"y":1.8247604370117188,"z":-119.59843444824219},"rotation":{"x":0.24453017115592957,"y":-0.1447964608669281,"z":0.03695681691169739,"w":0.9580618739128113},"size":71.45527648925781,"orthographic":false}