{"cameraMode":{"drawMode":0,"name":"Shaded","section":"Shading Mode"},"sceneLighting":true,"audioPlay":false,"sceneViewState":{"m_AlwaysRefresh":false,"showFog":true,"showSkybox":true,"showFlares":true,"showImageEffects":true,"showParticleSystems":true,"showVisualEffectGraphs":true,"m_FxEnabled":true},"in2DMode":false,"pivot":{"x":7.741016387939453,"y":9.523966789245606,"z":24.01849937438965},"rotation":{"x":0.003043931908905506,"y":0.9912276864051819,"z":-0.1300940215587616,"w":0.023197246715426446},"size":0.04752151668071747,"orthographic":false}